"","mouse_pair_id","cor","ortho"
"1","104_ID",0,"pairs_in_mouse_not_human"
"2","10_ID",0.520054496635462,"pairs_in_mouse_not_human"
"3","112_ID",-0.488899331550962,"pairs_in_mouse_not_human"
"4","1198_ID",0.288311688311688,"pairs_in_mouse_not_human"
"5","1210_ID",NA,"pairs_in_mouse_not_human"
"6","126_ID",-0.317023246285752,"pairs_in_mouse_not_human"
"7","129_ID",-0.00519480519480519,"pairs_in_mouse_not_human"
"8","160_ID",0.563069396755649,"pairs_in_mouse_not_human"
"9","1680_ID",0.269679944985297,"pairs_in_mouse_not_human"
"10","1698_ID",0.579695188549902,"pairs_in_mouse_not_human"
"11","1700_ID",NA,"pairs_in_mouse_not_human"
"12","1714_ID",0.296491107361057,"pairs_in_mouse_not_human"
"13","1719_ID",0.100936510578536,"pairs_in_mouse_not_human"
"14","1813_ID",0.805407931576026,"pairs_in_mouse_not_human"
"15","1821_ID",0.198701298701299,"pairs_in_mouse_not_human"
"16","1834_ID",-0.320941390613797,"pairs_in_mouse_not_human"
"17","1835_ID",0.510807304340428,"pairs_in_mouse_not_human"
"18","1853_ID",-0.0113960576459638,"pairs_in_mouse_not_human"
"19","1876_ID",NA,"pairs_in_mouse_not_human"
"20","1877_ID",NA,"pairs_in_mouse_not_human"
"21","1905_ID",NA,"pairs_in_mouse_not_human"
"22","1908_ID",0.450649350649351,"pairs_in_mouse_not_human"
"23","1955_ID",0.316115741062263,"pairs_in_mouse_not_human"
"24","1970_ID",-0.113831303647651,"pairs_in_mouse_not_human"
"25","1976_ID",0.245315552927165,"pairs_in_mouse_not_human"
"26","1981_ID",0.492147886797337,"pairs_in_mouse_not_human"
"27","1984_ID",0.184018229313977,"pairs_in_mouse_not_human"
"28","1989_ID",NA,"pairs_in_mouse_not_human"
"29","2010_ID",0.468760337500334,"pairs_in_mouse_not_human"
"30","2011_ID",-0.239534179975684,"pairs_in_mouse_not_human"
"31","2028_ID",-0.0132586220916414,"pairs_in_mouse_not_human"
"32","2038_ID",0.613996778545008,"pairs_in_mouse_not_human"
"33","2045_ID",0.0752802490894189,"pairs_in_mouse_not_human"
"34","2057_ID",-0.657530384412123,"pairs_in_mouse_not_human"
"35","2060_ID",0.252737643274909,"pairs_in_mouse_not_human"
"36","2068_ID",0.21008150095003,"pairs_in_mouse_not_human"
"37","2069_ID",0.147709789175199,"pairs_in_mouse_not_human"
"38","2070_ID",NA,"pairs_in_mouse_not_human"
"39","2076_ID",0.0775348411737571,"pairs_in_mouse_not_human"
"40","2083_ID",NA,"pairs_in_mouse_not_human"
"41","2091_ID",0.405261449073636,"pairs_in_mouse_not_human"
"42","2097_ID",0.117260755376676,"pairs_in_mouse_not_human"
"43","2105_ID",-0.0394569316505132,"pairs_in_mouse_not_human"
"44","2118_ID",0.462157684337213,"pairs_in_mouse_not_human"
"45","2139_ID",0.11040862104171,"pairs_in_mouse_not_human"
"46","2145_ID",0.265365145200121,"pairs_in_mouse_not_human"
"47","2151_ID",0.0213280711624396,"pairs_in_mouse_not_human"
"48","2172_ID",0.551645769824882,"pairs_in_mouse_not_human"
"49","2194_ID",-0.584264110605825,"pairs_in_mouse_not_human"
"50","2197_ID",NA,"pairs_in_mouse_not_human"
"51","2204_ID",-0.0532467532467532,"pairs_in_mouse_not_human"
"52","2224_ID",0.142761726954434,"pairs_in_mouse_not_human"
"53","2226_ID",NA,"pairs_in_mouse_not_human"
"54","2229_ID",0.477241208042545,"pairs_in_mouse_not_human"
"55","2230_ID",0.161685493520631,"pairs_in_mouse_not_human"
"56","2245_ID",0.14819171472699,"pairs_in_mouse_not_human"
"57","2254_ID",0.357710052534423,"pairs_in_mouse_not_human"
"58","2265_ID",0.0637265927418227,"pairs_in_mouse_not_human"
"59","2278_ID",-0.0554529850223429,"pairs_in_mouse_not_human"
"60","2286_ID",-0.194479901566566,"pairs_in_mouse_not_human"
"61","2290_ID",-0.110782341881399,"pairs_in_mouse_not_human"
"62","2304_ID",0.380953927022218,"pairs_in_mouse_not_human"
"63","2322_ID",NA,"pairs_in_mouse_not_human"
"64","2327_ID",0.137610745066479,"pairs_in_mouse_not_human"
"65","2329_ID",-0.0373569537276562,"pairs_in_mouse_not_human"
"66","2333_ID",0.0742674949744399,"pairs_in_mouse_not_human"
"67","2334_ID",NA,"pairs_in_mouse_not_human"
"68","2335_ID",0.142310285872053,"pairs_in_mouse_not_human"
"69","2352_ID",0.0639103563451966,"pairs_in_mouse_not_human"
"70","2362_ID",0.526387157362697,"pairs_in_mouse_not_human"
"71","2372_ID",0.571653302462314,"pairs_in_mouse_not_human"
"72","2376_ID",NA,"pairs_in_mouse_not_human"
"73","2390_ID",-0.336052980754805,"pairs_in_mouse_not_human"
"74","2392_ID",-0.294327382041666,"pairs_in_mouse_not_human"
"75","2394_ID",0.0222760527803408,"pairs_in_mouse_not_human"
"76","2409_ID",-0.352597604677874,"pairs_in_mouse_not_human"
"77","2414_ID",0.344051176601988,"pairs_in_mouse_not_human"
"78","2423_ID",0.836973950637374,"pairs_in_mouse_not_human"
"79","2429_ID",0.289542020714414,"pairs_in_mouse_not_human"
"80","2441_ID",0.361460796623939,"pairs_in_mouse_not_human"
"81","2449_ID",-0.0551058574239075,"pairs_in_mouse_not_human"
"82","2463_ID",0.568226661070344,"pairs_in_mouse_not_human"
"83","2472_ID",0.816742977700245,"pairs_in_mouse_not_human"
"84","2477_ID",NA,"pairs_in_mouse_not_human"
"85","2508_ID",0.319089614086986,"pairs_in_mouse_not_human"
"86","2522_ID",0.380319414627832,"pairs_in_mouse_not_human"
"87","2528_ID",-0.0653911011738662,"pairs_in_mouse_not_human"
"88","2537_ID",0.379884664877556,"pairs_in_mouse_not_human"
"89","2541_ID",0.369274472937998,"pairs_in_mouse_not_human"
"90","2542_ID",-0.302809531735609,"pairs_in_mouse_not_human"
"91","2547_ID",0.151724282258601,"pairs_in_mouse_not_human"
"92","2563_ID",-0.295419578350399,"pairs_in_mouse_not_human"
"93","2585_ID",0.148678388335006,"pairs_in_mouse_not_human"
"94","2597_ID",NA,"pairs_in_mouse_not_human"
"95","2598_ID",0.240437145670909,"pairs_in_mouse_not_human"
"96","259_ID",0.269721193033991,"pairs_in_mouse_not_human"
"97","2613_ID",-0.447916666666667,"pairs_in_mouse_not_human"
"98","2622_ID",-0.518895579454694,"pairs_in_mouse_not_human"
"99","2635_ID",0.176154202420218,"pairs_in_mouse_not_human"
"100","2639_ID",0.131167637649003,"pairs_in_mouse_not_human"
"101","2656_ID",NA,"pairs_in_mouse_not_human"
"102","2674_ID",NA,"pairs_in_mouse_not_human"
"103","2678_ID",0.047352221755862,"pairs_in_mouse_not_human"
"104","2683_ID",-0.0738548945875997,"pairs_in_mouse_not_human"
"105","2694_ID",0.19111769678911,"pairs_in_mouse_not_human"
"106","2696_ID",NA,"pairs_in_mouse_not_human"
"107","2717_ID",0.579220779220779,"pairs_in_mouse_not_human"
"108","2719_ID",0.258492131056599,"pairs_in_mouse_not_human"
"109","2726_ID",-0.102280798992662,"pairs_in_mouse_not_human"
"110","2727_ID",0.670258787032129,"pairs_in_mouse_not_human"
"111","2732_ID",-0.0369274472937998,"pairs_in_mouse_not_human"
"112","2733_ID",0.146843448628475,"pairs_in_mouse_not_human"
"113","2742_ID",0.316312841329158,"pairs_in_mouse_not_human"
"114","2743_ID",0.24593969430819,"pairs_in_mouse_not_human"
"115","2748_ID",NA,"pairs_in_mouse_not_human"
"116","2761_ID",-0.244948974278318,"pairs_in_mouse_not_human"
"117","2769_ID",0.162121212121212,"pairs_in_mouse_not_human"
"118","2772_ID",0.654909350505079,"pairs_in_mouse_not_human"
"119","2798_ID",0.0715406440733335,"pairs_in_mouse_not_human"
"120","2800_ID",0.369274472937998,"pairs_in_mouse_not_human"
"121","2801_ID",NA,"pairs_in_mouse_not_human"
"122","2807_ID",0.755044583215682,"pairs_in_mouse_not_human"
"123","2814_ID",0.344641386796191,"pairs_in_mouse_not_human"
"124","2826_ID",NA,"pairs_in_mouse_not_human"
"125","2833_ID",0.277795481731308,"pairs_in_mouse_not_human"
"126","2834_ID",-0.125623100912352,"pairs_in_mouse_not_human"
"127","2839_ID",0.379777262656375,"pairs_in_mouse_not_human"
"128","2844_ID",-0.160930171455096,"pairs_in_mouse_not_human"
"129","2857_ID",-0.102176349622353,"pairs_in_mouse_not_human"
"130","2865_ID",0.221481041085049,"pairs_in_mouse_not_human"
"131","2866_ID",0.369274472937998,"pairs_in_mouse_not_human"
"132","2871_ID",-0.00522043168490348,"pairs_in_mouse_not_human"
"133","2885_ID",-0.216883116883117,"pairs_in_mouse_not_human"
"134","2889_ID",0.447272727272727,"pairs_in_mouse_not_human"
"135","2895_ID",-0.0369274472937998,"pairs_in_mouse_not_human"
"136","2897_ID",0.318573324263209,"pairs_in_mouse_not_human"
"137","2900_ID",0.506992578500295,"pairs_in_mouse_not_human"
"138","2924_ID",-0.155315287359227,"pairs_in_mouse_not_human"
"139","2927_ID",-0.221564683762799,"pairs_in_mouse_not_human"
"140","2931_ID",-0.24886125508979,"pairs_in_mouse_not_human"
"141","2936_ID",0.186327152150238,"pairs_in_mouse_not_human"
"142","2945_ID",0.120212157857009,"pairs_in_mouse_not_human"
"143","2946_ID",0.334651051532207,"pairs_in_mouse_not_human"
"144","2951_ID",-0.259672938047033,"pairs_in_mouse_not_human"
"145","2960_ID",0.564782494724905,"pairs_in_mouse_not_human"
"146","2961_ID",0.604386523707012,"pairs_in_mouse_not_human"
"147","297_ID",-0.41431181956752,"pairs_in_mouse_not_human"
"148","2980_ID",0.305788314862575,"pairs_in_mouse_not_human"
"149","2983_ID",0.51760000056928,"pairs_in_mouse_not_human"
"150","301_ID",-0.298615313392169,"pairs_in_mouse_not_human"
"151","3029_ID",0.161493911194852,"pairs_in_mouse_not_human"
"152","3031_ID",-0.12868511353193,"pairs_in_mouse_not_human"
"153","3054_ID",0.45469310615063,"pairs_in_mouse_not_human"
"154","3065_ID",-0.147709789175199,"pairs_in_mouse_not_human"
"155","3066_ID",NA,"pairs_in_mouse_not_human"
"156","3068_ID",0.0673000415245297,"pairs_in_mouse_not_human"
"157","3069_ID",-0.0995105208005666,"pairs_in_mouse_not_human"
"158","3070_ID",0.673699347630091,"pairs_in_mouse_not_human"
"159","3071_ID",-0.560870731112235,"pairs_in_mouse_not_human"
"160","3072_ID",NA,"pairs_in_mouse_not_human"
"161","3081_ID",-0.0217235312304678,"pairs_in_mouse_not_human"
"162","3090_ID",0.21815310350845,"pairs_in_mouse_not_human"
"163","3094_ID",0.345906291921234,"pairs_in_mouse_not_human"
"164","3107_ID",-0.398042083202266,"pairs_in_mouse_not_human"
"165","310_ID",0.660144819340203,"pairs_in_mouse_not_human"
"166","3111_ID",NA,"pairs_in_mouse_not_human"
"167","3113_ID",0.262621227721826,"pairs_in_mouse_not_human"
"168","3130_ID",0.423144575805703,"pairs_in_mouse_not_human"
"169","3131_ID",0.648070575074525,"pairs_in_mouse_not_human"
"170","3141_ID",0.774322265264316,"pairs_in_mouse_not_human"
"171","3144_ID",0.327941338628386,"pairs_in_mouse_not_human"
"172","3168_ID",0.457526112414002,"pairs_in_mouse_not_human"
"173","3198_ID",0.269082590311566,"pairs_in_mouse_not_human"
"174","3208_ID",-0.0909667863407457,"pairs_in_mouse_not_human"
"175","3213_ID",0.31105057975915,"pairs_in_mouse_not_human"
"176","3215_ID",0.479669625167944,"pairs_in_mouse_not_human"
"177","3222_ID",-0.232044198895028,"pairs_in_mouse_not_human"
"178","3227_ID",0.233225992989908,"pairs_in_mouse_not_human"
"179","3237_ID",0.420567564621857,"pairs_in_mouse_not_human"
"180","3251_ID",0.438208372892497,"pairs_in_mouse_not_human"
"181","3252_ID",0.508304245252414,"pairs_in_mouse_not_human"
"182","3254_ID",0.129120879120879,"pairs_in_mouse_not_human"
"183","3259_ID",-0.0808115361773404,"pairs_in_mouse_not_human"
"184","3264_ID",0.104393228644931,"pairs_in_mouse_not_human"
"185","3266_ID",0.315731905173836,"pairs_in_mouse_not_human"
"186","3273_ID",0.488849064175064,"pairs_in_mouse_not_human"
"187","3298_ID",0.35404373963463,"pairs_in_mouse_not_human"
"188","3300_ID",0.570247565016165,"pairs_in_mouse_not_human"
"189","3307_ID",NA,"pairs_in_mouse_not_human"
"190","3309_ID",0.712071726913047,"pairs_in_mouse_not_human"
"191","3312_ID",0.299266041497048,"pairs_in_mouse_not_human"
"192","3343_ID",0.633928571428571,"pairs_in_mouse_not_human"
"193","3348_ID",0.594389212212996,"pairs_in_mouse_not_human"
"194","3359_ID",0.507608093666062,"pairs_in_mouse_not_human"
"195","3367_ID",0.145982129868744,"pairs_in_mouse_not_human"
"196","3372_ID",0.676905233141378,"pairs_in_mouse_not_human"
"197","3378_ID",NA,"pairs_in_mouse_not_human"
"198","3425_ID",0.229062012552072,"pairs_in_mouse_not_human"
"199","3426_ID",0.720881331248508,"pairs_in_mouse_not_human"
"200","3429_ID",0.346642047026712,"pairs_in_mouse_not_human"
"201","3435_ID",0.0369274472937998,"pairs_in_mouse_not_human"
"202","3438_ID",0.221564683762799,"pairs_in_mouse_not_human"
"203","3439_ID",NA,"pairs_in_mouse_not_human"
"204","3440_ID",0.492693873259302,"pairs_in_mouse_not_human"
"205","3446_ID",0.170312484846868,"pairs_in_mouse_not_human"
"206","3447_ID",0.369274472937998,"pairs_in_mouse_not_human"
"207","3449_ID",0.861893823256,"pairs_in_mouse_not_human"
"208","3456_ID",0.164788292490044,"pairs_in_mouse_not_human"
"209","3457_ID",0.149633020748524,"pairs_in_mouse_not_human"
"210","3466_ID",0.221811940089372,"pairs_in_mouse_not_human"
"211","3478_ID",0.231078842168607,"pairs_in_mouse_not_human"
"212","3480_ID",-0.201246117974981,"pairs_in_mouse_not_human"
"213","3484_ID",-0.377138921663843,"pairs_in_mouse_not_human"
"214","3487_ID",0.04077177531501,"pairs_in_mouse_not_human"
"215","3488_ID",0.0571091544816282,"pairs_in_mouse_not_human"
"216","3491_ID",0.043432003541993,"pairs_in_mouse_not_human"
"217","3509_ID",0.0691335794946326,"pairs_in_mouse_not_human"
"218","3511_ID",0.528770563352458,"pairs_in_mouse_not_human"
"219","3528_ID",0.328722438477268,"pairs_in_mouse_not_human"
"220","3544_ID",0.63887656499994,"pairs_in_mouse_not_human"
"221","3552_ID",-0.247405625484299,"pairs_in_mouse_not_human"
"222","3559_ID",0.265361388801511,"pairs_in_mouse_not_human"
"223","3572_ID",0.488947097413681,"pairs_in_mouse_not_human"
"224","3581_ID",NA,"pairs_in_mouse_not_human"
"225","3583_ID",NA,"pairs_in_mouse_not_human"
"226","3584_ID",0.214032042336496,"pairs_in_mouse_not_human"
"227","3607_ID",0.573656760298046,"pairs_in_mouse_not_human"
"228","3616_ID",0.382838877365791,"pairs_in_mouse_not_human"
"229","3629_ID",0.478867562149619,"pairs_in_mouse_not_human"
"230","3630_ID",-0.324611778926064,"pairs_in_mouse_not_human"
"231","3640_ID",0.485744492936668,"pairs_in_mouse_not_human"
"232","3641_ID",0.0621799749448248,"pairs_in_mouse_not_human"
"233","3642_ID",NA,"pairs_in_mouse_not_human"
"234","3651_ID",NA,"pairs_in_mouse_not_human"
"235","3665_ID",-0.119139224194607,"pairs_in_mouse_not_human"
"236","3685_ID",-0.184475488781113,"pairs_in_mouse_not_human"
"237","3687_ID",NA,"pairs_in_mouse_not_human"
"238","3688_ID",0.0104272949906246,"pairs_in_mouse_not_human"
"239","3696_ID",NA,"pairs_in_mouse_not_human"
"240","3707_ID",-0.05,"pairs_in_mouse_not_human"
"241","3708_ID",0.110782341881399,"pairs_in_mouse_not_human"
"242","3709_ID",0.553684875882412,"pairs_in_mouse_not_human"
"243","3714_ID",0.378858384659359,"pairs_in_mouse_not_human"
"244","3715_ID",-0.0648259313254557,"pairs_in_mouse_not_human"
"245","3730_ID",0.616385436633205,"pairs_in_mouse_not_human"
"246","3731_ID",0.204611897767784,"pairs_in_mouse_not_human"
"247","376_ID",0.436972059779077,"pairs_in_mouse_not_human"
"248","4148_ID",0.655655076940258,"pairs_in_mouse_not_human"
"249","431_ID",0.394805194805195,"pairs_in_mouse_not_human"
"250","4346_ID",NA,"pairs_in_mouse_not_human"
"251","4349_ID",0.296491107361057,"pairs_in_mouse_not_human"
"252","4351_ID",0.39532147648141,"pairs_in_mouse_not_human"
"253","4359_ID",0.692108939650451,"pairs_in_mouse_not_human"
"254","4413_ID",0.357446739396825,"pairs_in_mouse_not_human"
"255","4426_ID",NA,"pairs_in_mouse_not_human"
"256","450_ID",-0.102920955129142,"pairs_in_mouse_not_human"
"257","451_ID",0.402597402597403,"pairs_in_mouse_not_human"
"258","452_ID",0.390682683495494,"pairs_in_mouse_not_human"
"259","453_ID",0.192405583043184,"pairs_in_mouse_not_human"
"260","4552_ID",NA,"pairs_in_mouse_not_human"
"261","461_ID",0.747295044443547,"pairs_in_mouse_not_human"
"262","467_ID",0.517706618773784,"pairs_in_mouse_not_human"
"263","470_ID",-0.0103896103896104,"pairs_in_mouse_not_human"
"264","47_ID",0.271109669756239,"pairs_in_mouse_not_human"
"265","485_ID",-0.276623376623377,"pairs_in_mouse_not_human"
"266","486_ID",0.538280361159996,"pairs_in_mouse_not_human"
"267","489_ID",-0.109220377719045,"pairs_in_mouse_not_human"
"268","491_ID",0.37005418618847,"pairs_in_mouse_not_human"
"269","492_ID",0.802597402597403,"pairs_in_mouse_not_human"
"270","493_ID",-0.0194805194805195,"pairs_in_mouse_not_human"
"271","494_ID",0.0376623376623377,"pairs_in_mouse_not_human"
"272","495_ID",0.116825382566488,"pairs_in_mouse_not_human"
"273","496_ID",0.0012987012987013,"pairs_in_mouse_not_human"
"274","497_ID",-0.038961038961039,"pairs_in_mouse_not_human"
"275","498_ID",0.783352013771372,"pairs_in_mouse_not_human"
"276","500_ID",-0.138762951136454,"pairs_in_mouse_not_human"
"277","5029_ID",-0.188311688311688,"pairs_in_mouse_not_human"
"278","505_ID",0.470051132219323,"pairs_in_mouse_not_human"
"279","507_ID",0.599701712162568,"pairs_in_mouse_not_human"
"280","512_ID",NA,"pairs_in_mouse_not_human"
"281","514_ID",0.391506143726977,"pairs_in_mouse_not_human"
"282","515_ID",0.223331666509113,"pairs_in_mouse_not_human"
"283","517_ID",0.512429245903682,"pairs_in_mouse_not_human"
"284","519_ID",0.0272727272727273,"pairs_in_mouse_not_human"
"285","520_ID",0.263718452662484,"pairs_in_mouse_not_human"
"286","5247_ID",0.797398367093986,"pairs_in_mouse_not_human"
"287","528_ID",0.299107142857143,"pairs_in_mouse_not_human"
"288","529_ID",0.150541557108549,"pairs_in_mouse_not_human"
"289","531_ID",-0.0168886010855948,"pairs_in_mouse_not_human"
"290","5323_ID",0.904802939839358,"pairs_in_mouse_not_human"
"291","5331_ID",NA,"pairs_in_mouse_not_human"
"292","5350_ID",0.368857099536675,"pairs_in_mouse_not_human"
"293","5372_ID",0.497855867813446,"pairs_in_mouse_not_human"
"294","537_ID",-0.151594976237086,"pairs_in_mouse_not_human"
"295","538_ID",0.531168831168831,"pairs_in_mouse_not_human"
"296","5396_ID",0.608565672391933,"pairs_in_mouse_not_human"
"297","539_ID",0.603381757559917,"pairs_in_mouse_not_human"
"298","5458_ID",0.753483824889776,"pairs_in_mouse_not_human"
"299","5459_ID",0.659855657299923,"pairs_in_mouse_not_human"
"300","5461_ID",0.0496523676061704,"pairs_in_mouse_not_human"
"301","5469_ID",-0.0416699551451586,"pairs_in_mouse_not_human"
"302","5472_ID",0.0994853733098623,"pairs_in_mouse_not_human"
"303","5476_ID",0.0727508969841009,"pairs_in_mouse_not_human"
"304","5485_ID",-0.0867899057733353,"pairs_in_mouse_not_human"
"305","5487_ID",0.296491107361057,"pairs_in_mouse_not_human"
"306","5488_ID",0.296491107361057,"pairs_in_mouse_not_human"
"307","548_ID",0.216612144429553,"pairs_in_mouse_not_human"
"308","550_ID",0.664714490684576,"pairs_in_mouse_not_human"
"309","5511_ID",0.494151845601762,"pairs_in_mouse_not_human"
"310","5512_ID",NA,"pairs_in_mouse_not_human"
"311","5515_ID",0.188828594112534,"pairs_in_mouse_not_human"
"312","5516_ID",0.179023514110999,"pairs_in_mouse_not_human"
"313","5534_ID",0.102846365651412,"pairs_in_mouse_not_human"
"314","5535_ID",0.398460434964432,"pairs_in_mouse_not_human"
"315","5536_ID",0.38693012769796,"pairs_in_mouse_not_human"
"316","5537_ID",0,"pairs_in_mouse_not_human"
"317","5538_ID",0.198701298701299,"pairs_in_mouse_not_human"
"318","5539_ID",0.822016027979871,"pairs_in_mouse_not_human"
"319","5540_ID",0.738562091503268,"pairs_in_mouse_not_human"
"320","5541_ID",-0.205864284315114,"pairs_in_mouse_not_human"
"321","5542_ID",0.0611576629725151,"pairs_in_mouse_not_human"
"322","5543_ID",-0.763234856752844,"pairs_in_mouse_not_human"
"323","5544_ID",0.535888303677529,"pairs_in_mouse_not_human"
"324","5545_ID",0.393506493506494,"pairs_in_mouse_not_human"
"325","5546_ID",0.514954921744196,"pairs_in_mouse_not_human"
"326","5547_ID",0.168886010855948,"pairs_in_mouse_not_human"
"327","5548_ID",0.464552697734977,"pairs_in_mouse_not_human"
"328","5550_ID",-0.287949410339495,"pairs_in_mouse_not_human"
"329","5551_ID",-0.148417377453933,"pairs_in_mouse_not_human"
"330","5552_ID",-0.223667289242429,"pairs_in_mouse_not_human"
"331","5553_ID",-0.314796897781625,"pairs_in_mouse_not_human"
"332","5554_ID",0.379850674076817,"pairs_in_mouse_not_human"
"333","5556_ID",NA,"pairs_in_mouse_not_human"
"334","5557_ID",-0.0530344883665654,"pairs_in_mouse_not_human"
"335","5563_ID",-0.259697857501513,"pairs_in_mouse_not_human"
"336","5564_ID",0.645940372908818,"pairs_in_mouse_not_human"
"337","5566_ID",0.668613371192771,"pairs_in_mouse_not_human"
"338","5571_ID",0.0714408222770328,"pairs_in_mouse_not_human"
"339","5578_ID",0.831168831168831,"pairs_in_mouse_not_human"
"340","5580_ID",0.0797724035217466,"pairs_in_mouse_not_human"
"341","5584_ID",0.292137541505441,"pairs_in_mouse_not_human"
"342","5587_ID",-0.186441167169722,"pairs_in_mouse_not_human"
"343","5591_ID",0.7265625,"pairs_in_mouse_not_human"
"344","5596_ID",0.716748308585435,"pairs_in_mouse_not_human"
"345","5599_ID",0.803763299997058,"pairs_in_mouse_not_human"
"346","55_ID",-0.30553811363883,"pairs_in_mouse_not_human"
"347","5607_ID",0.65427439925967,"pairs_in_mouse_not_human"
"348","5609_ID",0.372510945623716,"pairs_in_mouse_not_human"
"349","5612_ID",0.110533253404689,"pairs_in_mouse_not_human"
"350","5613_ID",0.107827222315721,"pairs_in_mouse_not_human"
"351","5614_ID",NA,"pairs_in_mouse_not_human"
"352","5615_ID",0.515359524396581,"pairs_in_mouse_not_human"
"353","5616_ID",-0.0512129380053908,"pairs_in_mouse_not_human"
"354","5617_ID",-0.334524213810821,"pairs_in_mouse_not_human"
"355","5618_ID",-0.402653857559077,"pairs_in_mouse_not_human"
"356","5622_ID",0.189325372940605,"pairs_in_mouse_not_human"
"357","5627_ID",-0.026207120918048,"pairs_in_mouse_not_human"
"358","5628_ID",0.379777262656375,"pairs_in_mouse_not_human"
"359","5631_ID",0.328571428571429,"pairs_in_mouse_not_human"
"360","5632_ID",0.327272727272727,"pairs_in_mouse_not_human"
"361","5634_ID",-0.339756028444517,"pairs_in_mouse_not_human"
"362","5638_ID",0.476585379779994,"pairs_in_mouse_not_human"
"363","5639_ID",-0.139141860168255,"pairs_in_mouse_not_human"
"364","5640_ID",-0.188992855837424,"pairs_in_mouse_not_human"
"365","5643_ID",0.430429492670023,"pairs_in_mouse_not_human"
"366","5644_ID",0.277825419966238,"pairs_in_mouse_not_human"
"367","5650_ID",0.257206609768739,"pairs_in_mouse_not_human"
"368","5658_ID",-0.350589220433587,"pairs_in_mouse_not_human"
"369","5660_ID",0.341566078190408,"pairs_in_mouse_not_human"
"370","5667_ID",NA,"pairs_in_mouse_not_human"
"371","5677_ID",-0.304991417622886,"pairs_in_mouse_not_human"
"372","5679_ID",0.314659837511185,"pairs_in_mouse_not_human"
"373","5680_ID",0.395,"pairs_in_mouse_not_human"
"374","5681_ID",0.179023514110999,"pairs_in_mouse_not_human"
"375","5682_ID",NA,"pairs_in_mouse_not_human"
"376","5684_ID",0.163636363636364,"pairs_in_mouse_not_human"
"377","5689_ID",-0.218532186212608,"pairs_in_mouse_not_human"
"378","5691_ID",0.467351912856748,"pairs_in_mouse_not_human"
"379","5692_ID",-0.134943775412173,"pairs_in_mouse_not_human"
"380","5693_ID",-0.0905816559824622,"pairs_in_mouse_not_human"
"381","5695_ID",-0.0372600379255215,"pairs_in_mouse_not_human"
"382","5699_ID",0.122077922077922,"pairs_in_mouse_not_human"
"383","5701_ID",-0.243808614886022,"pairs_in_mouse_not_human"
"384","5702_ID",0.204301953754524,"pairs_in_mouse_not_human"
"385","5705_ID",-0.182797851008762,"pairs_in_mouse_not_human"
"386","5706_ID",0.365409931843735,"pairs_in_mouse_not_human"
"387","5707_ID",0.0580211101150588,"pairs_in_mouse_not_human"
"388","5708_ID",-0.308503321513441,"pairs_in_mouse_not_human"
"389","5709_ID",0.18220124703647,"pairs_in_mouse_not_human"
"390","5713_ID",-0.0181818181818182,"pairs_in_mouse_not_human"
"391","5714_ID",0.353796940685718,"pairs_in_mouse_not_human"
"392","5715_ID",-0.324189931081921,"pairs_in_mouse_not_human"
"393","5716_ID",0.260081705104568,"pairs_in_mouse_not_human"
"394","5717_ID",-0.038961038961039,"pairs_in_mouse_not_human"
"395","5718_ID",0.316506500198443,"pairs_in_mouse_not_human"
"396","5719_ID",-0.551948051948052,"pairs_in_mouse_not_human"
"397","571_ID",0.576720703156107,"pairs_in_mouse_not_human"
"398","5721_ID",0.464959568733154,"pairs_in_mouse_not_human"
"399","5722_ID",0.330658822389427,"pairs_in_mouse_not_human"
"400","5724_ID",-0.633590522456442,"pairs_in_mouse_not_human"
"401","5727_ID",0.0945473462360108,"pairs_in_mouse_not_human"
"402","5730_ID",-0.05,"pairs_in_mouse_not_human"
"403","5731_ID",0.724568837309472,"pairs_in_mouse_not_human"
"404","5737_ID",0.0143209486323516,"pairs_in_mouse_not_human"
"405","5738_ID",0.222535211267606,"pairs_in_mouse_not_human"
"406","5739_ID",0.175335785406306,"pairs_in_mouse_not_human"
"407","573_ID",0.453002971058368,"pairs_in_mouse_not_human"
"408","5747_ID",-0.108197057519597,"pairs_in_mouse_not_human"
"409","5748_ID",0.216600056360991,"pairs_in_mouse_not_human"
"410","5749_ID",0.117304391393418,"pairs_in_mouse_not_human"
"411","574_ID",-0.366233766233766,"pairs_in_mouse_not_human"
"412","5751_ID",0.23745664638988,"pairs_in_mouse_not_human"
"413","5752_ID",0.0978290224289671,"pairs_in_mouse_not_human"
"414","575_ID",0.467256718486048,"pairs_in_mouse_not_human"
"415","5762_ID",NA,"pairs_in_mouse_not_human"
"416","576_ID",0.627542933613664,"pairs_in_mouse_not_human"
"417","5770_ID",NA,"pairs_in_mouse_not_human"
"418","5777_ID",NA,"pairs_in_mouse_not_human"
"419","577_ID",-0.0714285714285714,"pairs_in_mouse_not_human"
"420","5800_ID",NA,"pairs_in_mouse_not_human"
"421","5809_ID",NA,"pairs_in_mouse_not_human"
"422","5810_ID",NA,"pairs_in_mouse_not_human"
"423","5817_ID",NA,"pairs_in_mouse_not_human"
"424","5828_ID",NA,"pairs_in_mouse_not_human"
"425","5830_ID",NA,"pairs_in_mouse_not_human"
"426","5842_ID",NA,"pairs_in_mouse_not_human"
"427","5843_ID",0.617734577767162,"pairs_in_mouse_not_human"
"428","5849_ID",-0.0788277797535722,"pairs_in_mouse_not_human"
"429","5873_ID",-0.117218854030654,"pairs_in_mouse_not_human"
"430","5888_ID",0.202869482849245,"pairs_in_mouse_not_human"
"431","590_ID",-0.0160690996151407,"pairs_in_mouse_not_human"
"432","591_ID",0.301361465324233,"pairs_in_mouse_not_human"
"433","5921_ID",0.0433414197297798,"pairs_in_mouse_not_human"
"434","5922_ID",NA,"pairs_in_mouse_not_human"
"435","5924_ID",0.323821852450037,"pairs_in_mouse_not_human"
"436","5951_ID",NA,"pairs_in_mouse_not_human"
"437","5957_ID",0.270464492432309,"pairs_in_mouse_not_human"
"438","5958_ID",-0.0560611910581388,"pairs_in_mouse_not_human"
"439","5961_ID",NA,"pairs_in_mouse_not_human"
"440","5967_ID",-0.273688373935693,"pairs_in_mouse_not_human"
"441","5968_ID",0.220667128950939,"pairs_in_mouse_not_human"
"442","5972_ID",NA,"pairs_in_mouse_not_human"
"443","5973_ID",0.0573501224484351,"pairs_in_mouse_not_human"
"444","5974_ID",NA,"pairs_in_mouse_not_human"
"445","5979_ID",-0.184637236468999,"pairs_in_mouse_not_human"
"446","5984_ID",NA,"pairs_in_mouse_not_human"
"447","5985_ID",NA,"pairs_in_mouse_not_human"
"448","5988_ID",NA,"pairs_in_mouse_not_human"
"449","5989_ID",NA,"pairs_in_mouse_not_human"
"450","6007_ID",0.328722438477268,"pairs_in_mouse_not_human"
"451","6008_ID",0.369274472937998,"pairs_in_mouse_not_human"
"452","602_ID",0.415197101233262,"pairs_in_mouse_not_human"
"453","603_ID",0.181799478360518,"pairs_in_mouse_not_human"
"454","6056_ID",-0.230736725771426,"pairs_in_mouse_not_human"
"455","605_ID",0.639540759424973,"pairs_in_mouse_not_human"
"456","6078_ID",-0.147797685516911,"pairs_in_mouse_not_human"
"457","607_ID",0.369931092427229,"pairs_in_mouse_not_human"
"458","6083_ID",0.147709789175199,"pairs_in_mouse_not_human"
"459","6086_ID",0.221564683762799,"pairs_in_mouse_not_human"
"460","6087_ID",0.153824483847617,"pairs_in_mouse_not_human"
"461","6089_ID",-0.198975529781244,"pairs_in_mouse_not_human"
"462","6094_ID",0.752715533624955,"pairs_in_mouse_not_human"
"463","6105_ID",0.234943312592559,"pairs_in_mouse_not_human"
"464","6106_ID",0.402621281235724,"pairs_in_mouse_not_human"
"465","6158_ID",-0.369274472937998,"pairs_in_mouse_not_human"
"466","6166_ID",-0.107713555065049,"pairs_in_mouse_not_human"
"467","6167_ID",0.430854220260197,"pairs_in_mouse_not_human"
"468","617_ID",0.345904063595849,"pairs_in_mouse_not_human"
"469","618_ID",0.0992233642736566,"pairs_in_mouse_not_human"
"470","6223_ID",NA,"pairs_in_mouse_not_human"
"471","6224_ID",0.299659399832276,"pairs_in_mouse_not_human"
"472","6230_ID",NA,"pairs_in_mouse_not_human"
"473","6231_ID",-0.0724568837309472,"pairs_in_mouse_not_human"
"474","624_ID",0.179925033882897,"pairs_in_mouse_not_human"
"475","625_ID",0.702211256923904,"pairs_in_mouse_not_human"
"476","6269_ID",-0.105,"pairs_in_mouse_not_human"
"477","627_ID",0.456993408274793,"pairs_in_mouse_not_human"
"478","628_ID",0.0800401006778052,"pairs_in_mouse_not_human"
"479","6394_ID",NA,"pairs_in_mouse_not_human"
"480","6395_ID",NA,"pairs_in_mouse_not_human"
"481","640_ID",0.377789753525209,"pairs_in_mouse_not_human"
"482","643_ID",0.3759847748806,"pairs_in_mouse_not_human"
"483","644_ID",0.484415584415584,"pairs_in_mouse_not_human"
"484","645_ID",0.763329644100614,"pairs_in_mouse_not_human"
"485","646_ID",-0.714408222770328,"pairs_in_mouse_not_human"
"486","648_ID",-0.233766233766234,"pairs_in_mouse_not_human"
"487","650_ID",0.118181818181818,"pairs_in_mouse_not_human"
"488","6534_ID",-0.309090909090909,"pairs_in_mouse_not_human"
"489","654_ID",0.532834774020915,"pairs_in_mouse_not_human"
"490","656_ID",-0.0601037350719722,"pairs_in_mouse_not_human"
"491","658_ID",0.659954565498629,"pairs_in_mouse_not_human"
"492","660_ID",0.124106411898452,"pairs_in_mouse_not_human"
"493","662_ID",-0.0493506493506493,"pairs_in_mouse_not_human"
"494","6631_ID",0.386784728080118,"pairs_in_mouse_not_human"
"495","665_ID",-0.0517791519617236,"pairs_in_mouse_not_human"
"496","666_ID",0.498065071501181,"pairs_in_mouse_not_human"
"497","670_ID",0.492367962151766,"pairs_in_mouse_not_human"
"498","671_ID",0.354545454545455,"pairs_in_mouse_not_human"
"499","675_ID",-0.118335600703843,"pairs_in_mouse_not_human"
"500","676_ID",-0.483447372207962,"pairs_in_mouse_not_human"
"501","677_ID",-0.238803386167534,"pairs_in_mouse_not_human"
"502","6785_ID",0.504712486349953,"pairs_in_mouse_not_human"
"503","6795_ID",0.258069661065519,"pairs_in_mouse_not_human"
"504","6798_ID",0.387465203554756,"pairs_in_mouse_not_human"
"505","679_ID",-0.336158135147465,"pairs_in_mouse_not_human"
"506","6811_ID",NA,"pairs_in_mouse_not_human"
"507","6816_ID",0.299943305300448,"pairs_in_mouse_not_human"
"508","6817_ID",0.776333556265872,"pairs_in_mouse_not_human"
"509","6818_ID",0.369942542323322,"pairs_in_mouse_not_human"
"510","6819_ID",0.358183653110296,"pairs_in_mouse_not_human"
"511","6820_ID",0.078554432707974,"pairs_in_mouse_not_human"
"512","6821_ID",0.61748388156693,"pairs_in_mouse_not_human"
"513","6827_ID",0.255597292916617,"pairs_in_mouse_not_human"
"514","6830_ID",0.680021556345377,"pairs_in_mouse_not_human"
"515","6833_ID",0.0256968011609043,"pairs_in_mouse_not_human"
"516","6957_ID",0.723376623376623,"pairs_in_mouse_not_human"
"517","6958_ID",0.428128271583045,"pairs_in_mouse_not_human"
"518","6961_ID",-0.078995314672832,"pairs_in_mouse_not_human"
"519","6964_ID",0.756788815657857,"pairs_in_mouse_not_human"
"520","6966_ID",-0.342021358434921,"pairs_in_mouse_not_human"
"521","6967_ID",0.636495249550972,"pairs_in_mouse_not_human"
"522","696_ID",0.209048900598131,"pairs_in_mouse_not_human"
"523","6973_ID",-0.27931147949253,"pairs_in_mouse_not_human"
"524","6974_ID",0.498049835929362,"pairs_in_mouse_not_human"
"525","6979_ID",0.317023246285752,"pairs_in_mouse_not_human"
"526","6980_ID",0.441874715565351,"pairs_in_mouse_not_human"
"527","6981_ID",0.362236759058574,"pairs_in_mouse_not_human"
"528","6982_ID",-0.482548658063269,"pairs_in_mouse_not_human"
"529","6986_ID",0.411688311688312,"pairs_in_mouse_not_human"
"530","6988_ID",-0.035851413172988,"pairs_in_mouse_not_human"
"531","698_ID",NA,"pairs_in_mouse_not_human"
"532","6990_ID",0.176623376623377,"pairs_in_mouse_not_human"
"533","6991_ID",0.0467352931791359,"pairs_in_mouse_not_human"
"534","6992_ID",0.557142857142857,"pairs_in_mouse_not_human"
"535","6996_ID",0.5,"pairs_in_mouse_not_human"
"536","6997_ID",NA,"pairs_in_mouse_not_human"
"537","699_ID",0.170351249364873,"pairs_in_mouse_not_human"
"538","7008_ID",0.812382159939707,"pairs_in_mouse_not_human"
"539","7009_ID",-0.305591935883551,"pairs_in_mouse_not_human"
"540","700_ID",0.518181818181818,"pairs_in_mouse_not_human"
"541","7010_ID",0.268708616022302,"pairs_in_mouse_not_human"
"542","7013_ID",-0.334058415091756,"pairs_in_mouse_not_human"
"543","7014_ID",0.388797073447138,"pairs_in_mouse_not_human"
"544","7015_ID",-0.41701853449815,"pairs_in_mouse_not_human"
"545","7016_ID",-0.532671695042154,"pairs_in_mouse_not_human"
"546","7019_ID",0.370765114445451,"pairs_in_mouse_not_human"
"547","7024_ID",0.640873612363923,"pairs_in_mouse_not_human"
"548","7027_ID",0.60709094736828,"pairs_in_mouse_not_human"
"549","7030_ID",-0.341558441558442,"pairs_in_mouse_not_human"
"550","7031_ID",NA,"pairs_in_mouse_not_human"
"551","7033_ID",-0.166352975936381,"pairs_in_mouse_not_human"
"552","7036_ID",-0.448051948051948,"pairs_in_mouse_not_human"
"553","7038_ID",0.0617213399848368,"pairs_in_mouse_not_human"
"554","7039_ID",-0.744705214059708,"pairs_in_mouse_not_human"
"555","703_ID",0.159616455769748,"pairs_in_mouse_not_human"
"556","7040_ID",0.448459940931708,"pairs_in_mouse_not_human"
"557","7041_ID",0.802602007980424,"pairs_in_mouse_not_human"
"558","7049_ID",NA,"pairs_in_mouse_not_human"
"559","7050_ID",-0.540666421946268,"pairs_in_mouse_not_human"
"560","7054_ID",0.123376623376623,"pairs_in_mouse_not_human"
"561","7056_ID",0.303994819540707,"pairs_in_mouse_not_human"
"562","7061_ID",0.0331270674434457,"pairs_in_mouse_not_human"
"563","7062_ID",0.586345326591018,"pairs_in_mouse_not_human"
"564","7064_ID",0.157239474979072,"pairs_in_mouse_not_human"
"565","7066_ID",-0.590048272880678,"pairs_in_mouse_not_human"
"566","706_ID",-0.0875835700906804,"pairs_in_mouse_not_human"
"567","7071_ID",0.0781348555935639,"pairs_in_mouse_not_human"
"568","7073_ID",0.374402827859264,"pairs_in_mouse_not_human"
"569","7076_ID",0.276761399973406,"pairs_in_mouse_not_human"
"570","7082_ID",0.710916595588067,"pairs_in_mouse_not_human"
"571","7083_ID",0.502485721134306,"pairs_in_mouse_not_human"
"572","7086_ID",0.108476783895936,"pairs_in_mouse_not_human"
"573","7087_ID",0.745696694087034,"pairs_in_mouse_not_human"
"574","7090_ID",0.470187750028355,"pairs_in_mouse_not_human"
"575","7093_ID",NA,"pairs_in_mouse_not_human"
"576","7103_ID",0.52987012987013,"pairs_in_mouse_not_human"
"577","7106_ID",-0.471905504518442,"pairs_in_mouse_not_human"
"578","7107_ID",-0.267532467532468,"pairs_in_mouse_not_human"
"579","7108_ID",0.361770974214786,"pairs_in_mouse_not_human"
"580","7109_ID",-0.125,"pairs_in_mouse_not_human"
"581","7110_ID",0.326025331848313,"pairs_in_mouse_not_human"
"582","7111_ID",0.409223795535567,"pairs_in_mouse_not_human"
"583","7115_ID",0.142056665267586,"pairs_in_mouse_not_human"
"584","7117_ID",0.397402597402597,"pairs_in_mouse_not_human"
"585","7118_ID",0.0854232961276234,"pairs_in_mouse_not_human"
"586","7119_ID",0.281015285757707,"pairs_in_mouse_not_human"
"587","711_ID",0.270481373037356,"pairs_in_mouse_not_human"
"588","7128_ID",-0.0379898568751162,"pairs_in_mouse_not_human"
"589","7133_ID",0.602597402597403,"pairs_in_mouse_not_human"
"590","7135_ID",NA,"pairs_in_mouse_not_human"
"591","7137_ID",-0.267787717361003,"pairs_in_mouse_not_human"
"592","7144_ID",0.122077922077922,"pairs_in_mouse_not_human"
"593","7151_ID",-0.273082155470407,"pairs_in_mouse_not_human"
"594","7152_ID",0.439532231185703,"pairs_in_mouse_not_human"
"595","7163_ID",-0.0662112705415252,"pairs_in_mouse_not_human"
"596","7168_ID",0.441734051675981,"pairs_in_mouse_not_human"
"597","7169_ID",-0.31506621474681,"pairs_in_mouse_not_human"
"598","7171_ID",0.763636363636364,"pairs_in_mouse_not_human"
"599","7172_ID",NA,"pairs_in_mouse_not_human"
"600","7173_ID",0.157135118910827,"pairs_in_mouse_not_human"
"601","7176_ID",0.185653759444536,"pairs_in_mouse_not_human"
"602","7178_ID",0.49161557101602,"pairs_in_mouse_not_human"
"603","7179_ID",-0.0830161269678835,"pairs_in_mouse_not_human"
"604","717_ID",-0.176395073591399,"pairs_in_mouse_not_human"
"605","7180_ID",0.0256968011609043,"pairs_in_mouse_not_human"
"606","7183_ID",0.306623314741161,"pairs_in_mouse_not_human"
"607","7184_ID",-0.0302625077941408,"pairs_in_mouse_not_human"
"608","7186_ID",0.616948286945286,"pairs_in_mouse_not_human"
"609","7189_ID",0.0012987012987013,"pairs_in_mouse_not_human"
"610","7192_ID",0.0831028119143167,"pairs_in_mouse_not_human"
"611","7193_ID",-0.37275255681154,"pairs_in_mouse_not_human"
"612","7194_ID",-0.0996345521626969,"pairs_in_mouse_not_human"
"613","7195_ID",0.651785714285714,"pairs_in_mouse_not_human"
"614","7196_ID",0.585633423889922,"pairs_in_mouse_not_human"
"615","719_ID",-0.0869709790695427,"pairs_in_mouse_not_human"
"616","7200_ID",-0.00912056955826455,"pairs_in_mouse_not_human"
"617","7203_ID",0.0468140837949269,"pairs_in_mouse_not_human"
"618","7204_ID",-0.0771258303783603,"pairs_in_mouse_not_human"
"619","7206_ID",0.356353682026479,"pairs_in_mouse_not_human"
"620","7211_ID",NA,"pairs_in_mouse_not_human"
"621","7212_ID",0.318956455366482,"pairs_in_mouse_not_human"
"622","7213_ID",-0.168079067573732,"pairs_in_mouse_not_human"
"623","7214_ID",0.630689740014988,"pairs_in_mouse_not_human"
"624","7217_ID",0.66896473162245,"pairs_in_mouse_not_human"
"625","7219_ID",-0.275324675324675,"pairs_in_mouse_not_human"
"626","7221_ID",0.0529728463363976,"pairs_in_mouse_not_human"
"627","7223_ID",-0.197123750356998,"pairs_in_mouse_not_human"
"628","7224_ID",0.759307876653767,"pairs_in_mouse_not_human"
"629","7226_ID",0.11313403583774,"pairs_in_mouse_not_human"
"630","7227_ID",0.334482365811225,"pairs_in_mouse_not_human"
"631","7229_ID",NA,"pairs_in_mouse_not_human"
"632","7233_ID",-0.136445210260418,"pairs_in_mouse_not_human"
"633","7236_ID",-0.355965381972694,"pairs_in_mouse_not_human"
"634","7238_ID",0.351529059267697,"pairs_in_mouse_not_human"
"635","7239_ID",NA,"pairs_in_mouse_not_human"
"636","7241_ID",0.358808228797414,"pairs_in_mouse_not_human"
"637","7242_ID",-0.110782341881399,"pairs_in_mouse_not_human"
"638","7248_ID",0.0947145961648398,"pairs_in_mouse_not_human"
"639","7249_ID",0.217546325856884,"pairs_in_mouse_not_human"
"640","7268_ID",NA,"pairs_in_mouse_not_human"
"641","7269_ID",0.00691108494004806,"pairs_in_mouse_not_human"
"642","7270_ID",0.148630108292059,"pairs_in_mouse_not_human"
"643","7272_ID",0.161685493520631,"pairs_in_mouse_not_human"
"644","7273_ID",-0.0738548945875997,"pairs_in_mouse_not_human"
"645","7274_ID",NA,"pairs_in_mouse_not_human"
"646","7275_ID",0.598928835264103,"pairs_in_mouse_not_human"
"647","7276_ID",NA,"pairs_in_mouse_not_human"
"648","7283_ID",0.40032911282251,"pairs_in_mouse_not_human"
"649","7292_ID",NA,"pairs_in_mouse_not_human"
"650","7294_ID",0.570203600025947,"pairs_in_mouse_not_human"
"651","7295_ID",NA,"pairs_in_mouse_not_human"
"652","7296_ID",0,"pairs_in_mouse_not_human"
"653","7297_ID",-0.110818327700728,"pairs_in_mouse_not_human"
"654","7300_ID",NA,"pairs_in_mouse_not_human"
"655","7301_ID",NA,"pairs_in_mouse_not_human"
"656","7305_ID",NA,"pairs_in_mouse_not_human"
"657","7306_ID",NA,"pairs_in_mouse_not_human"
"658","7310_ID",-0.289704464775973,"pairs_in_mouse_not_human"
"659","7311_ID",0.35044497136529,"pairs_in_mouse_not_human"
"660","7314_ID",-0.128484005804522,"pairs_in_mouse_not_human"
"661","7317_ID",0.244206414809933,"pairs_in_mouse_not_human"
"662","7318_ID",NA,"pairs_in_mouse_not_human"
"663","7320_ID",0.505661048113517,"pairs_in_mouse_not_human"
"664","7322_ID",NA,"pairs_in_mouse_not_human"
"665","7324_ID",NA,"pairs_in_mouse_not_human"
"666","7326_ID",0.75917750470304,"pairs_in_mouse_not_human"
"667","7327_ID",0.12700590627028,"pairs_in_mouse_not_human"
"668","7328_ID",-0.677922077922078,"pairs_in_mouse_not_human"
"669","7329_ID",-0.275809362052495,"pairs_in_mouse_not_human"
"670","7331_ID",-0.00194868474064556,"pairs_in_mouse_not_human"
"671","7334_ID",-0.349247926724058,"pairs_in_mouse_not_human"
"672","7335_ID",0.355776490352982,"pairs_in_mouse_not_human"
"673","733_ID",0.353246753246753,"pairs_in_mouse_not_human"
"674","7343_ID",0.234608782786835,"pairs_in_mouse_not_human"
"675","7345_ID",-0.127968426974638,"pairs_in_mouse_not_human"
"676","7348_ID",NA,"pairs_in_mouse_not_human"
"677","7351_ID",0.139230438069823,"pairs_in_mouse_not_human"
"678","7352_ID",0.510879376904299,"pairs_in_mouse_not_human"
"679","7364_ID",-0.315123930025827,"pairs_in_mouse_not_human"
"680","7365_ID",0.758346497710255,"pairs_in_mouse_not_human"
"681","7369_ID",0.236748080149817,"pairs_in_mouse_not_human"
"682","7376_ID",0.484710997792721,"pairs_in_mouse_not_human"
"683","7377_ID",0.375495986537988,"pairs_in_mouse_not_human"
"684","737_ID",0.584415584415584,"pairs_in_mouse_not_human"
"685","7380_ID",-0.0469217565573671,"pairs_in_mouse_not_human"
"686","7382_ID",-0.51038961038961,"pairs_in_mouse_not_human"
"687","7387_ID",0.794539033297232,"pairs_in_mouse_not_human"
"688","7390_ID",0.32369309967502,"pairs_in_mouse_not_human"
"689","7391_ID",-0.0143919906104842,"pairs_in_mouse_not_human"
"690","7393_ID",0.190853749749841,"pairs_in_mouse_not_human"
"691","7394_ID",-0.00434470624609357,"pairs_in_mouse_not_human"
"692","7397_ID",-0.186021224874733,"pairs_in_mouse_not_human"
"693","7400_ID",-0.246562232310612,"pairs_in_mouse_not_human"
"694","7401_ID",0.350183323435141,"pairs_in_mouse_not_human"
"695","7403_ID",0.331921528115376,"pairs_in_mouse_not_human"
"696","7416_ID",0.409090909090909,"pairs_in_mouse_not_human"
"697","7417_ID",0.269130224416054,"pairs_in_mouse_not_human"
"698","7418_ID",-0.036734693877551,"pairs_in_mouse_not_human"
"699","7420_ID",0.378189384944043,"pairs_in_mouse_not_human"
"700","7421_ID",0.637680703246483,"pairs_in_mouse_not_human"
"701","7424_ID",0.837089914117335,"pairs_in_mouse_not_human"
"702","7426_ID",-0.398291252604458,"pairs_in_mouse_not_human"
"703","7427_ID",0.34581310357702,"pairs_in_mouse_not_human"
"704","7428_ID",-0.230169245325057,"pairs_in_mouse_not_human"
"705","742_ID",0.210462011710441,"pairs_in_mouse_not_human"
"706","7430_ID",0.325097804131437,"pairs_in_mouse_not_human"
"707","7432_ID",-0.205085866199399,"pairs_in_mouse_not_human"
"708","7437_ID",0.743872916920786,"pairs_in_mouse_not_human"
"709","7438_ID",-0.569571352838278,"pairs_in_mouse_not_human"
"710","7439_ID",-0.02001165479213,"pairs_in_mouse_not_human"
"711","743_ID",0.366317200760533,"pairs_in_mouse_not_human"
"712","7440_ID",0.356557137087441,"pairs_in_mouse_not_human"
"713","7441_ID",-0.319480519480519,"pairs_in_mouse_not_human"
"714","7442_ID",-0.577942923473878,"pairs_in_mouse_not_human"
"715","7443_ID",0.90257800940994,"pairs_in_mouse_not_human"
"716","744_ID",NA,"pairs_in_mouse_not_human"
"717","7450_ID",-0.407792207792208,"pairs_in_mouse_not_human"
"718","7454_ID",0.783116883116883,"pairs_in_mouse_not_human"
"719","7455_ID",0.726812910006243,"pairs_in_mouse_not_human"
"720","7458_ID",0.341309670730843,"pairs_in_mouse_not_human"
"721","745_ID",0.215584415584416,"pairs_in_mouse_not_human"
"722","7461_ID",0.567287140698823,"pairs_in_mouse_not_human"
"723","7464_ID",0.690909090909091,"pairs_in_mouse_not_human"
"724","7468_ID",0.572172135271329,"pairs_in_mouse_not_human"
"725","7469_ID",0.769294601721103,"pairs_in_mouse_not_human"
"726","7470_ID",0.202674437376543,"pairs_in_mouse_not_human"
"727","7471_ID",0.440960436874447,"pairs_in_mouse_not_human"
"728","7472_ID",-0.172928615966519,"pairs_in_mouse_not_human"
"729","7479_ID",0.399297853124962,"pairs_in_mouse_not_human"
"730","747_ID",NA,"pairs_in_mouse_not_human"
"731","7481_ID",-0.228571428571429,"pairs_in_mouse_not_human"
"732","7482_ID",0.502780647816926,"pairs_in_mouse_not_human"
"733","7483_ID",0.136541077735204,"pairs_in_mouse_not_human"
"734","7496_ID",-0.38454045548739,"pairs_in_mouse_not_human"
"735","7498_ID",-0.295188806151345,"pairs_in_mouse_not_human"
"736","749_ID",-0.218465724376326,"pairs_in_mouse_not_human"
"737","7501_ID",NA,"pairs_in_mouse_not_human"
"738","7502_ID",0.355697826595676,"pairs_in_mouse_not_human"
"739","7505_ID",0.783116883116883,"pairs_in_mouse_not_human"
"740","7506_ID",-0.0136363636363636,"pairs_in_mouse_not_human"
"741","7507_ID",-0.0434854895347714,"pairs_in_mouse_not_human"
"742","7508_ID",0.628571428571429,"pairs_in_mouse_not_human"
"743","7517_ID",-0.341463618263209,"pairs_in_mouse_not_human"
"744","7522_ID",0.111805725761342,"pairs_in_mouse_not_human"
"745","7524_ID",0.0211676510450467,"pairs_in_mouse_not_human"
"746","7529_ID",0.462910049886276,"pairs_in_mouse_not_human"
"747","7530_ID",-0.0277825419966239,"pairs_in_mouse_not_human"
"748","7534_ID",0.700910865707378,"pairs_in_mouse_not_human"
"749","7535_ID",-0.670749942489919,"pairs_in_mouse_not_human"
"750","7536_ID",-0.42987012987013,"pairs_in_mouse_not_human"
"751","7539_ID",0.392733078965045,"pairs_in_mouse_not_human"
"752","754_ID",0.781818181818182,"pairs_in_mouse_not_human"
"753","7552_ID",0.409271328382014,"pairs_in_mouse_not_human"
"754","7553_ID",0.0481144750114527,"pairs_in_mouse_not_human"
"755","7554_ID",0.312818849718737,"pairs_in_mouse_not_human"
"756","7558_ID",0.319480519480519,"pairs_in_mouse_not_human"
"757","7559_ID",-0.124837556786472,"pairs_in_mouse_not_human"
"758","755_ID",-0.319524698917755,"pairs_in_mouse_not_human"
"759","7560_ID",0.3,"pairs_in_mouse_not_human"
"760","759_ID",-0.0891696834189085,"pairs_in_mouse_not_human"
"761","760_ID",-0.0879483493118367,"pairs_in_mouse_not_human"
"762","761_ID",-0.61948051948052,"pairs_in_mouse_not_human"
"763","762_ID",0.138213009299308,"pairs_in_mouse_not_human"
"764","763_ID",-0.0415584415584416,"pairs_in_mouse_not_human"
"765","768_ID",-0.369274472937998,"pairs_in_mouse_not_human"
"766","772_ID",0.607340077501199,"pairs_in_mouse_not_human"
"767","775_ID",0.422198883880741,"pairs_in_mouse_not_human"
"768","780_ID",0.361038961038961,"pairs_in_mouse_not_human"
"769","782_ID",NA,"pairs_in_mouse_not_human"
"770","788_ID",-0.568831168831169,"pairs_in_mouse_not_human"
"771","789_ID",0.296308965983581,"pairs_in_mouse_not_human"
"772","794_ID",0.793662800063645,"pairs_in_mouse_not_human"
"773","795_ID",0.227272727272727,"pairs_in_mouse_not_human"
"774","796_ID",-0.092508634090969,"pairs_in_mouse_not_human"
"775","798_ID",-0.277754122646906,"pairs_in_mouse_not_human"
"776","800_ID",0.468262625608447,"pairs_in_mouse_not_human"
"777","801_ID",0.332900788876656,"pairs_in_mouse_not_human"
"778","805_ID",0.642416402832819,"pairs_in_mouse_not_human"
"779","807_ID",-0.216883116883117,"pairs_in_mouse_not_human"
"780","808_ID",0.386397650676196,"pairs_in_mouse_not_human"
"781","809_ID",0.443340322710524,"pairs_in_mouse_not_human"
"782","815_ID",0.0655314504157335,"pairs_in_mouse_not_human"
"783","818_ID",0.344155844155844,"pairs_in_mouse_not_human"
"784","820_ID",0.637869471771313,"pairs_in_mouse_not_human"
"785","824_ID",0.451793062655803,"pairs_in_mouse_not_human"
"786","826_ID",-0.00779220779220779,"pairs_in_mouse_not_human"
"787","828_ID",NA,"pairs_in_mouse_not_human"
"788","832_ID",0.197931727786297,"pairs_in_mouse_not_human"
"789","833_ID",0.303881753266677,"pairs_in_mouse_not_human"
"790","834_ID",0.570739478415875,"pairs_in_mouse_not_human"
"791","835_ID",0.284506330031979,"pairs_in_mouse_not_human"
"792","836_ID",0.258944492267177,"pairs_in_mouse_not_human"
"793","837_ID",0.28540242720507,"pairs_in_mouse_not_human"
"794","843_ID",0.539476584684396,"pairs_in_mouse_not_human"
"795","844_ID",0.357968022212626,"pairs_in_mouse_not_human"
"796","849_ID",0.39532147648141,"pairs_in_mouse_not_human"
"797","851_ID",NA,"pairs_in_mouse_not_human"
"798","855_ID",0.110824080163952,"pairs_in_mouse_not_human"
"799","861_ID",NA,"pairs_in_mouse_not_human"
"800","865_ID",0.179023514110999,"pairs_in_mouse_not_human"
"801","956_ID",0.288591642146329,"pairs_in_mouse_not_human"
